{
    "Prison Life GUI": {
        "link": "https://raw.githubusercontent.com/debug420/Ez-Hub/master/Exclusives-V1/Prison%20Life%20Premium.lua",
        "info": "No info is currently available on the following script",
        "type": "normal"
    },
    "Graphics Editor": {
        "link": "https://raw.githubusercontent.com/debug420/Ez-Hub/master/Exclusives-V1/Graphics%20Editor%20Premium.lua",
        "info": "No info is currently available on the following script",
        "type": "normal"
    },
    "Universal GUI": {
        "link": "https://raw.githubusercontent.com/debug420/Ez-Hub/master/Exclusives-V1/Universal%20Premium.lua",
        "info": "No info is currently available on the following script",
        "type": "normal"
    },
    "Redwood Prison GUI": {
        "link": "https://raw.githubusercontent.com/debug420/Ez-Hub/master/Exclusives-V1/Redwood%20Prison%20Premium.lua",
        "info": "No info is currently available on the following script",
        "type": "normal"
    },
    "Arsenal GUI": {
        "link": "https://raw.githubusercontent.com/debug420/Ez-Hub/master/Exclusives-V1/Arsenal%20Premium.lua",
        "info": "No info is currently available on the following script",
        "type": "normal"
    },
    "Wild West GUI": {
        "link": "https://raw.githubusercontent.com/debug420/Ez-Hub/master/Exclusives-V1/Wild%20West%20GUI%20Premium.lua",
        "info": "No info is currently available on the following script",
        "type": "normal"
    },
    "Vehicle Simulator GUI": {
        "link": "https://raw.githubusercontent.com/debug420/Ez-Hub/master/Exclusives-V1/Vehicle%20Simulator%20Premium.lua",
        "info": "No info is currently available on the following script",
        "type": "normal"
    }
}
